UserID,Name,DateOfBirth,Gender,BloodType,ContactInfo,Password
P1001,Kim Alicia,2024-12-16,Female,A+,kim.alicia@gmail.com,hU1ZDp4zr15PfNydB6j+Qpg5s5sECx4ZYOxj1Gx2PcI=
P1002,Bob Stone,1975-11-22,Male,B+,bob.stone@example.com,hU1ZDp4zr15PfNydB6j+Qpg5s5sECx4ZYOxj1Gx2PcI=
P1003,Charlie White,1990-07-08,Male,O-,charlie.white@example.com,hU1ZDp4zr15PfNydB6j+Qpg5s5sECx4ZYOxj1Gx2PcI=
P1005,hello world,2023-04-09,Male,B-,bnvfk,hU1ZDp4zr15PfNydB6j+Qpg5s5sECx4ZYOxj1Gx2PcI=
P1006,Terry,2002-02-04,Male,AB+,terry@gmail.com,I80YpKkCQIdL6Z6Yt4goPnBmVF3Jzs2Cq7mIGStdZPs=
