MedicineName,RequestedQuantity,Status,RequestBy,IsNewMedicine
Amoxicillin,200,FULFILLED,P001,false
KOOKIWA,100,FULFILLED,P001,false
KOOKIWA,4,FULFILLED,P001,false
Amoxicillin,13,FULFILLED,P001,false
Amoxicillin,2,FULFILLED,P001,false
Amoxicillin,23,FULFILLED,P001,false
cough med,30,FULFILLED,P001,true
Aspirin,200,PENDING,PH001,false
Aspirin,200,PENDING,PH001,false
Aspirin,200,PENDING,PH001,false
Aspirin,200,PENDING,PH001,false
Aspirin,200,PENDING,PH001,false
Aspirin,12,PENDING,PH001,false
Insulin,300,FULFILLED,PH001,true
Aspirin,200,PENDING,PH002,false
Aspirin,200,PENDING,PH001,false
Albuterol,200,PENDING,PH001,true
