UserID,Name,DateOfBirth,Gender,BloodType,ContactInfo,Password
P1001,Kim Alicia,2001-12-12,Female,A+,kim.alicia@gmail.com,n9oX4Krc+ZanHnGKY99Gs+tdNN/iBTaHdX53bWRGYRY=
P1002,Bob Stone,1975-11-22,Male,B+,bob.stone@example.com,RH1Dd482VbGaofpWz2IsdcWHcDoS+RrZWchjZ8b+ecM=
P1003,Charlie White,1990-07-08,Male,O-,charlie.white@example.com,Mf8QW7HgcowCpXM9R2c5hx9tVCw+yQ6PqDwIewrMwxQ=
P1005,hello world,2023-04-09,Male,B-,bnvfk,I80YpKkCQIdL6Z6Yt4goPnBmVF3Jzs2Cq7mIGStdZPs=
P1006,Terry,2002-02-04,Male,AB+,terry@gmail.com,I80YpKkCQIdL6Z6Yt4goPnBmVF3Jzs2Cq7mIGStdZPs=
