AppointmentID,PatientID,DoctorID,Date,Time,Status,Outcome Record
APPT1730376909234,P1001,D002,22/10/2024,12:30,COMPLETED,[26/12/2024, fkjhgbew, efgngf, [Amoxicillin,1,PENDING;pill2,1,PENDING]]
APPT1730376909254,P1001,D002,22/10/2024,13:30,COMPLETED,[22/12/2026, Medical Check-Up, Medication needed, [Paracetamol,1,REJECTED;Ibuprofen,1,ACCEPTED]]
APPT1730582638622,P1001,D002,01/01/2023,15:30,COMPLETED,[01/01/2026, Health, Visit the Health Department, [Antibiotics,1,PENDING;Cough Syrup,1,PENDING]]
APPT1730624316126,P1001,D002,13/10/2024,08:00,COMPLETED,[11/11/2024, hello, efvbfe, [ibuprofen,1,PENDING;Paracetamol,1,PENDING]]
APPT1730624316154,P1001,D002,30/12/2025,18:30,CANCELLED,[00/00/0000, -, -, [-,0,PENDING]]
APPT1730809980137,P1001,D002,23/12/2026,16:20,PENDING,[00/00/0000, -, -, [-,0,PENDING]]
APPT1730810218279,P1002,D002,23/10/2024,12:00,COMPLETED,[23/11/2222, dd, dsiuygb, [Paracetamol,1,REJECTED;KOOKIWA,1,PENDING;kookoo,1,PENDING]]
APPT1730827214761,P1001,D002,09/10/2024,11:30,COMPLETED,[09/11/2024, DKFJN, SFK, [Paracetamol,1,PENDING]]
APPT1730827317940,P1001,D002,09/11/2024,09:30,CANCELLED,[00/00/0000, -, -, [-,0,PENDING]]
APPT1730828033304,P1001,D002,09/11/2024,12:00,CANCELLED,[00/00/0000, -, -, [-,0,PENDING]]
APPT1730961187424,P1001,D002,11/11/2024,16:00,CANCELLED,[00/00/0000, -, -, [-,0,PENDING]]
APPT1730967963003,P1001,D002,11/11/2024,19:30,CANCELLED,[00/00/0000, -, -, [-,0,PENDING]]
APPT1730967963445,P1002,D002,12/11/2024,10:00,ACCEPTED,[00/00/0000, -, -, [-,0,PENDING]]
APPT1731099773157,P1001,D002,12/11/2024,19:30,COMPLETED,[12/11/2024, fdgfdsdf, dfge, [Paracetamol,1,DISPENSED;Ibuprofen,1,DISPENSED]]
APPT1731099797779,P1001,D002,12/11/2024,19:00,PENDING,[00/00/0000, -, -, [-,0,PENDING]]
APPT1731100108511,P1001,D002,12/09/2024,08:00,COMPLETED,[12/11/2024, Medication Collection, Processing, [Paracetamol,1,DISPENSED;Ibuprofen,1,DISPENSED]]
APPT1731100236042,P1001,D002,11/12/2024,08:00,CANCELLED,[00/00/0000, -, -, [-,0,PENDING]]
APPT1731316084384,P1001,D002,10/11/2024,09:00,COMPLETED,[10/11/2024, Blood Test, Come back next week for review, [Paracetamol,2,PENDING;Paracetamol,2,PENDING;Paracetamol,2,PENDING]]
